,x_section,y_section,z_section
min,2.6130258056926645,4.003587591041982,4.81
max,8.373667029451461,7.221395486490621,8.39
