,x_section,y_section
min,2.6130258056926645,4.003587591041982
max,8.373667029451461,7.221395486490621
